{
  "train": [
    1.4775856185879688,
    0.10179042049773145,
    0.06558143103719977,
    0.043820714749441554,
    0.03561292975714358,
    0.020576007151881,
    0.016071998159989623,
    0.013747822950405577,
    0.017955464187148645,
    0.011313183375982784,
    0.010287227214776849,
    0.009443565385115232,
    0.00898147135942504,
    0.008354224510308058,
    0.008429035053975072,
    0.007617602402873809,
    0.007363167226672599,
    0.0069843943512680464,
    0.006765482233025911,
    0.006571659801150758,
    0.0064798924407268475,
    0.012912087067237966,
    0.00661415273822646,
    0.006185248576043695,
    0.006133648938287987,
    0.00603366109536835,
    0.005850221501789027,
    0.005752905562390518,
    0.005686395289281151,
    0.008522195210166138,
    0.009939494222813955,
    0.011630146991811951,
    0.011592901956503315,
    0.012506984033315216,
    0.013116022832844033,
    0.014590550819697555,
    0.012335613971777976,
    0.012264404638245671,
    0.012249767567947172,
    0.013397960455094013,
    0.013200120015759287,
    0.0127605689224808,
    0.01233401339394488,
    0.011075354522143649
  ],
  "val": [
    0.2471404962481991,
    0.06862738644403796,
    0.048271180641266606,
    0.044925752486432755,
    0.035259411099456975,
    0.016597154279870373,
    0.015177680945564662,
    0.012804991655772733,
    0.011779984714643608,
    0.01117091238378517,
    0.009846246275570123,
    0.008673184183275989,
    0.010461695867800904,
    0.008305684655844685,
    0.007535334766632126,
    0.006921020126150501,
    0.0067605938266722424,
    0.006599729272326635,
    0.006178505448324065,
    0.007207522874758128,
    0.007682286848824832,
    0.007682516975628753,
    0.005955759623658753,
    0.0056700699046374325,
    0.005650329140705928,
    0.0073051239859553115,
    0.005359733762640146,
    0.0055897048704566495,
    0.005038259400715751,
    0.008102640840074709,
    0.011236103717237711,
    0.009524367238965726,
    0.009924498657065054,
    0.013102726049480899,
    0.014308271193576435,
    0.0119941953359352,
    0.011588472512460524,
    0.011592028782733025,
    0.011808090963430943,
    0.0143049486552275,
    0.012104546651244164,
    0.01450891635050216,
    0.011502321373911635,
    0.010381464853942875
  ],
  "breakdown": [
    {
      "energy": 0.0014109618252053137,
      "energy_theta": 0.001192473141746896,
      "Fx": 0.17705188066728653,
      "Fx_L4": 0.5522113911086514,
      "Fy": 0.1765924048039221,
      "M_left": 0.07672895575242658,
      "M_right": 0.0879816429749612,
      "scalar": 0.1765924048039221,
      "stiffness": 0.0,
      "total": 0.2471404962481991
    },
    {
      "energy": 0.0001628393339717971,
      "energy_theta": 0.0004902588487077024,
      "Fx": 0.05346927287117127,
      "Fx_L4": 0.23376657719153068,
      "Fy": 0.06072967920091844,
      "M_left": 0.030807628116059686,
      "M_right": 0.032646891120220387,
      "scalar": 0.06072967920091844,
      "stiffness": 0.0,
      "total": 0.06862738644403796
    },
    {
      "energy": 0.00012402701324918457,
      "energy_theta": 0.00044365112919495593,
      "Fx": 0.0393385777189847,
      "Fx_L4": 0.14660651310752595,
      "Fy": 0.04244191109413101,
      "M_left": 0.022318147212987947,
      "M_right": 0.023847370198176752,
      "scalar": 0.04244191109413101,
      "stiffness": 0.0,
      "total": 0.048271180641266606
    },
    {
      "energy": 0.00013607248641370285,
      "energy_theta": 0.0004209757697085039,
      "Fx": 0.03174840947312693,
      "Fx_L4": 0.11409055698858274,
      "Fy": 0.0387344541208398,
      "M_left": 0.02146102331819073,
      "M_right": 0.018935231762307304,
      "scalar": 0.0387344541208398,
      "stiffness": 0.0,
      "total": 0.044925752486432755
    },
    {
      "energy": 7.254865763130627e-05,
      "energy_theta": 0.0002816828458772732,
      "Fx": 0.024709419512580478,
      "Fx_L4": 0.07490176886823328,
      "Fy": 0.03206727025850165,
      "M_left": 0.014828192295446511,
      "M_right": 0.017100262575812878,
      "scalar": 0.03206727025850165,
      "stiffness": 0.0,
      "total": 0.035259411099456975
    },
    {
      "energy": 2.7515293588235623e-06,
      "energy_theta": 0.00017648911330803868,
      "Fx": 0.013326830117993297,
      "Fx_L4": 0.03711627532151573,
      "Fy": 0.0164802142328793,
      "M_left": 0.008731873195257879,
      "M_right": 0.009189135477607769,
      "scalar": 0.0164802142328793,
      "stiffness": 0.0,
      "total": 0.016597154279870373
    },
    {
      "energy": 8.52212303558894e-06,
      "energy_theta": 0.00013896966312688987,
      "Fx": 0.011566292704834093,
      "Fx_L4": 0.026814209807085834,
      "Fy": 0.014828273891321114,
      "M_left": 0.007483982984277029,
      "M_right": 0.007927231866145325,
      "scalar": 0.014828273891321114,
      "stiffness": 0.0,
      "total": 0.015177680945564662
    },
    {
      "energy": 1.186078791379846e-05,
      "energy_theta": 0.00014802078611307566,
      "Fx": 0.009442419932794667,
      "Fx_L4": 0.01964718920264145,
      "Fy": 0.012336490510572349,
      "M_left": 0.0065231660921727455,
      "M_right": 0.006952534797751615,
      "scalar": 0.012336490510572349,
      "stiffness": 0.0,
      "total": 0.012804991655772733
    },
    {
      "energy": 1.8891994955083646e-06,
      "energy_theta": 0.0001685198965846681,
      "Fx": 0.009237797945858009,
      "Fx_L4": 0.02384520195248056,
      "Fy": 0.011708195080920573,
      "M_left": 0.006120922434474191,
      "M_right": 0.006505660036759031,
      "scalar": 0.011708195080920573,
      "stiffness": 0.0,
      "total": 0.011779984714643608
    },
    {
      "energy": 1.1037175168425048e-05,
      "energy_theta": 0.0001303126990669332,
      "Fx": 0.007781952424275298,
      "Fx_L4": 0.015397600889217199,
      "Fy": 0.010768055495235228,
      "M_left": 0.005575627171164078,
      "M_right": 0.005828673921285137,
      "scalar": 0.010768055495235228,
      "stiffness": 0.0,
      "total": 0.01117091238378517
    },
    {
      "energy": 6.244371331464912e-06,
      "energy_theta": 0.00017444230428326034,
      "Fx": 0.0071067580194663135,
      "Fx_L4": 0.012999062506423797,
      "Fy": 0.009627693287667728,
      "M_left": 0.005176619468857685,
      "M_right": 0.005192919363898616,
      "scalar": 0.009627693287667728,
      "stiffness": 0.0,
      "total": 0.009846246275570123
    },
    {
      "energy": 3.787754607284085e-06,
      "energy_theta": 0.00015393405192298815,
      "Fx": 0.005830128703476681,
      "Fx_L4": 0.009748290674554395,
      "Fy": 0.00854629437409101,
      "M_left": 0.004423140717159596,
      "M_right": 0.004613017295337011,
      "scalar": 0.00854629437409101,
      "stiffness": 0.0,
      "total": 0.008673184183275989
    },
    {
      "energy": 2.8068896749426777e-05,
      "energy_theta": 0.00021366435811937516,
      "Fx": 0.006936911673795792,
      "Fx_L4": 0.009443727091439218,
      "Fy": 0.00956349118402408,
      "M_left": 0.005055256323107789,
      "M_right": 0.005266337039610071,
      "scalar": 0.00956349118402408,
      "stiffness": 0.0,
      "total": 0.010461695867800904
    },
    {
      "energy": 1.201450215610807e-05,
      "energy_theta": 0.0001903858165831245,
      "Fx": 0.005379157794278956,
      "Fx_L4": 0.007518407813369131,
      "Fy": 0.007939242337259554,
      "M_left": 0.003984840676909493,
      "M_right": 0.004289859755625648,
      "scalar": 0.007939242337259554,
      "stiffness": 0.0,
      "total": 0.008305684655844685
    },
    {
      "energy": 1.9484906836682525e-06,
      "energy_theta": 0.00016141368095920751,
      "Fx": 0.004901312685932123,
      "Fx_L4": 0.007278743002731766,
      "Fy": 0.007478828519402492,
      "M_left": 0.0038104658878798927,
      "M_right": 0.004011780200075478,
      "scalar": 0.007478828519402492,
      "stiffness": 0.0,
      "total": 0.007535334766632126
    },
    {
      "energy": 1.3855795886698732e-06,