{
  "train": [
    4.874846425036955,
    0.8554120230772256,
    0.5935512851839904,
    0.48578286061257675,
    0.4300089927051209,
    0.40273574677225515,
    0.4714491669629493,
    0.36704387297903346,
    0.35219442728594524,
    0.3549807429435551,
    0.454873392979304,
    0.35804210021208155,
    0.41466847263230866,
    0.27944990489746163,
    0.22895480113404904,
    0.22174504189037839,
    0.22202599639785314,
    0.22533746910850938,
    0.227778630388295,
    0.22787452938610303,
    0.21055847150416462,
    0.18852117922774123,
    0.1802619003627929,
    0.17856836431718798,
    0.1756433876867431,
    0.17272460838524598,
    0.16922735403042385,
    0.166701378510286,
    0.16382320130773362,
    0.1609786714147205,
    0.15964098180242356,
    0.15716791098103203,
    0.15537294477285296,
    0.15301623035427983,
    0.15233260626259026,
    0.15026135622297085,
    0.1485984796060131,
    0.14741072460917606,
    0.1464025181830539,
    0.14491672087117938,
    0.14334383990867006,
    0.1423257369022428,
    0.14173149245892078,
    0.14066158017193126,
    0.13970075879847832,
    0.13856699049533755,
    0.1376620796651928,
    0.13647483257245432,
    0.136206061303128,
    0.13528555753528462
  ],
  "val": [
    1.0785256624221802,
    0.5509546975935659,
    0.5340124214849165,
    0.4056218256873469,
    0.3955524818551156,
    0.3585780777277485,
    0.39814880778712614,
    0.33330961485062877,
    0.3357444559374163,
    0.3800191201509968,
    0.3522115316121809,
    0.34349476714288035,
    0.3512173419998538,
    0.23266514919457898,
    0.2169123409736541,
    0.219979191739713,
    0.22186404634867946,
    0.2237987871612272,
    0.22516022358209856,
    0.22812500547978184,
    0.19666479143404192,
    0.180709510080276,
    0.1782293836435964,
    0.17713344217308105,
    0.17384232796968951,
    0.1708712166836185,
    0.16928556585504162,
    0.1668971065552004,
    0.16064791429427364,
    0.15859447467711665,
    0.15814701660025504,
    0.15525870409704023,
    0.1536867544054985,
    0.15068584536352464,
    0.151219600871686,
    0.1480596047495642,
    0.14823424191244186,
    0.14458313199781603,
    0.145289886141977,
    0.14393758677667187,
    0.14422510384071258,
    0.144493302750972,
    0.14028850954867178,
    0.13816793527333968,
    0.13917257564683114,
    0.13816141180934444,
    0.1374136972571573,
    0.13757533051313892,
    0.13776103791690641,
    0.1352487372294549
  ],
  "breakdown": [
    {
      "energy": 0.00686851046198318,
      "energy_theta": 0.005282150010668462,
      "Fx": 0.07410718825074934,
      "Fy": 0.24583201302636054,
      "M_left": 0.12480496266676534,
      "M_right": 0.11550965857121252,
      "scalar": 0.7189921515603219,
      "stiffness": 0.0,
      "total": 1.0785256624221802
    },
    {
      "energy": 0.0017303431391595832,
      "energy_theta": 0.0010187806403865257,
      "Fx": 0.0410227368796064,
      "Fy": 0.13490423199630552,
      "M_left": 0.0699596611722823,
      "M_right": 0.06657770047745397,
      "scalar": 0.46453466674973887,
      "stiffness": 0.0,
      "total": 0.5509546975935659
    },
    {
      "energy": 0.0014468305124600807,
      "energy_theta": 0.0023559869995581047,
      "Fx": 0.032132539357389175,
      "Fy": 0.12473670958030608,
      "M_left": 0.05763088719498727,
      "M_right": 0.06821550038312713,
      "scalar": 0.45640169660891255,
      "stiffness": 0.0,
      "total": 0.5340124214849165
    },
    {
      "energy": 0.0005100291243927072,
      "energy_theta": 0.0011330866104652805,
      "Fx": 0.023454907169986154,
      "Fy": 0.09341364966765527,
      "M_left": 0.041681643575429916,
      "M_right": 0.05126141967071641,
      "scalar": 0.37751510979667785,
      "stiffness": 0.0,
      "total": 0.4056218256873469
    },
    {
      "energy": 0.00034056131863185475,
      "energy_theta": 0.00019179904061715088,
      "Fx": 0.023177941840502522,
      "Fy": 0.07990174127682563,
      "M_left": 0.04049188829958439,
      "M_right": 0.04080962551937949,
      "scalar": 0.3801196308866624,
      "stiffness": 0.0,
      "total": 0.3955524818551156
    },
    {
      "energy": 0.00021792113552838863,
      "energy_theta": 0.00011415630703390155,
      "Fx": 0.018486755329274362,
      "Fy": 0.06880255151660211,
      "M_left": 0.035082194954156876,
      "M_right": 0.0342796292877005,
      "scalar": 0.3490725294236214,
      "stiffness": 0.0,
      "total": 0.3585780777277485
    },
    {
      "energy": 0.00016820279744288495,
      "energy_theta": 0.0005811503224615608,
      "Fx": 0.015721169270334706,
      "Fy": 0.06914067328456909,
      "M_left": 0.03808765732232602,
      "M_right": 0.03660949722172752,
      "scalar": 0.38859904533432377,
      "stiffness": 0.0,
      "total": 0.39814880778712614
    },
    {
      "energy": 0.00017503245251118056,
      "energy_theta": 4.7589742602975736e-05,
      "Fx": 0.012639961565934842,
      "Fy": 0.05824423100679151,
      "M_left": 0.029007269339936394,
      "M_right": 0.028214606516543898,
      "scalar": 0.3264204321369048,
      "stiffness": 0.0,
      "total": 0.33330961485062877
    },
    {
      "energy": 0.00014875903645823258,
      "energy_theta": 5.7322129754128026e-05,
      "Fx": 0.010963962488477268,
      "Fy": 0.054966623924912944,
      "M_left": 0.02752902151475991,
      "M_right": 0.026967675485197577,
      "scalar": 0.3300281421792123,
      "stiffness": 0.0,
      "total": 0.3357444559374163
    },
    {
      "energy": 0.0001278434746998227,
      "energy_theta": 0.00029659350149168243,
      "Fx": 0.010449429267957326,
      "Fy": 0.05310615013924337,
      "M_left": 0.029959517110499642,
      "M_right": 0.02855220722455171,
      "scalar": 0.3740616310988703,
      "stiffness": 0.0,
      "total": 0.3800191201509968
    },
    {
      "energy": 7.591154503790031e-05,
      "energy_theta": 0.00042260525656128003,
      "Fx": 0.009209942433141893,
      "Fy": 0.050188063734000726,
      "M_left": 0.025515045279697064,
      "M_right": 0.02515819257185344,
      "scalar": 0.34755547008206766,
      "stiffness": 0.0,
      "total": 0.3522115316121809
    },
    {
      "energy": 5.468917351531526e-05,
      "energy_theta": 0.0002806447634112931,
      "Fx": 0.008494288014668611,
      "Fy": 0.04616047766420149,
      "M_left": 0.023331909410415158,
      "M_right": 0.023210284690703114,
      "scalar": 0.3403414886805319,
      "stiffness": 0.0,
      "total": 0.34349476714288035
    },
    {
      "energy": 4.626399793543838e-05,
      "energy_theta": 7.656607528089455e-05,
      "Fx": 0.008645071572954617,
      "Fy": 0.0463307089502773,
      "M_left": 0.02250257591086049,
      "M_right": 0.022197876996811357,
      "scalar": 0.34942346090270626,
      "stiffness": 0.0,
      "total": 0.3512173419998538
    },
    {
      "energy": 7.798190550132741e-06,
      "energy_theta": 0.00012669886575989245,
      "Fx": 0.004736192689667787,
      "Fy": 0.030854594383028247,
      "M_left": 0.014316101768805135,
      "M_right": 0.01419410901144147,
      "scalar": 0.23180550697349733,
      "stiffness": 0.0,
      "total": 0.23266514919457898
    },
    {
      "energy": 2.377758952324286e-05,
      "energy_theta": 8.472100425053449e-05,
      "Fx": 0.004036651601293875,
      "Fy": 0.027801639670806545,
      "M_left": 0.012518136071101311,
      "M_right": 0.012727230907447876,
      "scalar": 0.21583485218786425,
      "stiffness": 0.0,
      "total": 0.2169123409736541
    },
    {
      "energy": 7.685631757222807e-06,
      "energy_theta": 0.00012128433375056051,
      "Fx": 0.003884243756352413,
      "Fy": 0.02680025583193187,
      "M_left": 0.012139184009884634,
      "M_right": 0.012220783294328758,
      "scalar": 0.21917294446499117,
      "stiffness": 0.0,
      "total": 0.219979191739713
    },
    {
      "energy": 6.738331289706102e-06,
      "energy_theta": 0.0002157465855669861,
      "Fx": 0.003698452424648548,