{
  "train": [
    42.02526605836209,
    39.08476527239404,
    38.93357022213302,
    38.85197163993352,
    38.80521218859589,
    38.77988718575008,
    38.76400768537463,
    38.752561417094036,
    38.74504431820111,
    38.74185584756738,
    38.73709573726225,
    38.7307134444972,
    38.72589609813105,
    38.72270339934616,
    38.722401858838786,
    38.72134188786606,
    38.72180923118669,
    38.71460217590956,
    38.71642715360489,
    38.699717320791294,
    38.70078719125447,
    38.70167905811395,
    38.69784439024506,
    38.698940448721984,
    38.69681641124265,
    38.697156691599965,
    38.698005793284786,
    38.69717542184155,
    38.69642692987173,
    38.69005118215986,
    38.68870889238541,
    38.68892420825295,
    38.68855048493617,
    38.6901834718045,
    38.6885237274482,
    38.68454229124728,
    38.68591686162968,
    38.68543173199051,
    38.684446557167846,
    38.6856673773081,
    38.682440829910874,
    38.68271338964045,
    38.68096586044093,
    38.68328672537774,
    38.682809030107684,
    38.681697190173566,
    38.680886960955974,
    38.682153128407485,
    38.682612662910195,
    38.679396553273584
  ],
  "val": [
    39.623779296875,
    38.82854898514286,
    38.77945758450416,
    38.71859593545237,
    38.70458978222263,
    38.691126054333104,
    38.664931574175434,
    38.70736134436823,
    38.69223151668425,
    38.65068792527722,
    38.693878419937626,
    38.680880884970385,
    38.65705926956669,
    38.645912354992284,
    38.66350715391098,
    38.671916530978294,
    38.64749502366589,
    38.64994719720656,
    38.645463020570816,
    38.63516063074912,
    38.63617447883852,
    38.63854814344837,
    38.637294154013354,
    38.630819874425086,
    38.633286629953695,
    38.6310485716789,
    38.62942406439012,
    38.63703801555018,
    38.63534090595861,
    38.624753459807366,
    38.622343555573494,
    38.62319614041236,
    38.62628284577401,
    38.62475290606099,
    38.62616268281014,
    38.629457289172755,
    38.62678663192257,
    38.62699274862966,
    38.622227022724765,
    38.624002395137666,
    38.61987464658676,
    38.62187582446683,
    38.620015298166585,
    38.62197888282038,
    38.61927210900091,
    38.62094448458764,
    38.61927826173844,
    38.61998927208685,
    38.61972052051175,
    38.619814165176884
  ],
  "breakdown": [
    {
      "energy": 0.2033710152872147,
      "energy_theta": 0.19918676345579087,
      "Fx": 0.08871998746068246,
      "Fy": 5.7511619521725565,
      "M_left": 14.799439137981784,
      "M_right": 14.478349131922569,
      "scalar": 29.455228251795614,
      "stiffness": 0.0,
      "total": 39.623779296875
    },
    {
      "energy": 0.233307501962108,
      "energy_theta": 0.2291563636352939,
      "Fx": 0.03073959199771766,
      "Fy": 6.171108268922375,
      "M_left": 13.693760564250331,
      "M_right": 13.407934111933555,
      "scalar": 27.16317392164661,
      "stiffness": 0.0,
      "total": 38.82854898514286
    },
    {
      "energy": 0.2609101947276823,
      "energy_theta": 0.25640231346891773,
      "Fx": 0.03130199279515974,
      "Fy": 5.361789349586733,
      "M_left": 12.57220742010301,
      "M_right": 13.09913646021197,
      "scalar": 25.733947784669937,
      "stiffness": 0.0,
      "total": 38.77945758450416
    },
    {
      "energy": 0.22809714247142115,
      "energy_theta": 0.22444100053079666,
      "Fx": 0.022438584436332027,
      "Fy": 5.5278360689840005,
      "M_left": 13.524324124859225,
      "M_right": 13.744537599625126,
      "scalar": 27.313738945991762,
      "stiffness": 0.0,
      "total": 38.71859593545237
    },
    {
      "energy": 0.24012337625026703,
      "energy_theta": 0.23662532505489164,
      "Fx": 0.01847349275504389,
      "Fy": 5.308854095397457,
      "M_left": 12.8455826697811,
      "M_right": 13.815891435069423,
      "scalar": 26.698420955288796,
      "stiffness": 0.0,
      "total": 38.70458978222263
    },
    {
      "energy": 0.2491238660389377,
      "energy_theta": 0.24529509510724776,
      "Fx": 0.013731958269472084,
      "Fy": 5.2678848005110215,
      "M_left": 12.815952085679577,
      "M_right": 13.391516823922434,
      "scalar": 26.23493286871141,
      "stiffness": 0.0,
      "total": 38.691126054333104
    },
    {
      "energy": 0.25333136320114136,
      "energy_theta": 0.2494448142186288,
      "Fx": 0.019963036081002604,
      "Fy": 5.476406828049691,
      "M_left": 12.91253609811106,
      "M_right": 13.045900929358698,
      "scalar": 25.998363002654045,
      "stiffness": 0.0,
      "total": 38.664931574175434
    },
    {
      "energy": 0.26559218283622493,
      "energy_theta": 0.2615342707403244,
      "Fx": 0.02318856687915902,
      "Fy": 5.116652027253182,
      "M_left": 12.819161968846474,
      "M_right": 12.562213128612887,
      "scalar": 25.427752156411447,
      "stiffness": 0.0,
      "total": 38.70736134436823
    },
    {
      "energy": 0.258789396334079,
      "energy_theta": 0.2544900681222639,
      "Fx": 0.018291165421326316,
      "Fy": 5.412472955642208,
      "M_left": 12.788657065360777,
      "M_right": 12.927522105555381,
      "scalar": 25.752761563947125,
      "stiffness": 0.0,
      "total": 38.69223151668425
    },
    {
      "energy": 0.24755100281007827,
      "energy_theta": 0.2439423189047844,
      "Fx": 0.01557299550322275,
      "Fy": 5.264786620293894,
      "M_left": 13.058812218327676,
      "M_right": 13.183179547709804,
      "scalar": 26.273137677100397,
      "stiffness": 0.0,
      "total": 38.65068792527722
    },
    {
      "energy": 0.2500756767488295,
      "energy_theta": 0.24586642245131154,
      "Fx": 0.018168378831638445,
      "Fy": 5.482699909517842,
      "M_left": 13.347298437549222,
      "M_right": 12.806459211534069,
      "scalar": 26.19009433254119,
      "stiffness": 0.0,
      "total": 38.693878419937626
    },
    {
      "energy": 0.2472760915275543,
      "energy_theta": 0.24363082358914037,
      "Fx": 0.023781483001526323,
      "Fy": 5.411295329370806,
      "M_left": 13.332921658792804,
      "M_right": 12.936591809795749,
      "scalar": 26.317076283116496,
      "stiffness": 0.0,
      "total": 38.680880884970385
    },
    {
      "energy": 0.23643105549197044,
      "energy_theta": 0.23281011369920546,
      "Fx": 0.012301280268377835,
      "Fy": 5.418650427172261,
      "M_left": 13.500989698594616,
      "M_right": 13.309914142854753,
      "scalar": 26.835506377681607,
      "stiffness": 0.0,
      "total": 38.65705926956669
    },
    {
      "energy": 0.24207264160917652,
      "energy_theta": 0.238540037264747,
      "Fx": 0.015087693088477658,
      "Fy": 5.380819482188071,
      "M_left": 13.24370035048454,
      "M_right": 13.268404637613605,
      "scalar": 26.542280443253055,
      "stiffness": 0.0,
      "total": 38.645912354992284
    },
    {
      "energy": 0.24000868705972547,
      "energy_theta": 0.236076976262754,
      "Fx": 0.021030172585479675,
      "Fy": 5.682657841713198,
      "M_left": 13.162323121101625,
      "M_right": 13.458689305090136,
      "scalar": 26.663072739878007,
      "stiffness": 0.0,
      "total": 38.66350715391098
    },
    {
      "energy": 0.241995707154274,
      "energy_theta": 0.23844384714480368,
      "Fx": 0.023130901278026642,
      "Fy": 5.538439942944434,
      "M_left": 13.1143525338942,
      "M_right": 13.411516989431073,
      "scalar": 26.57213124921245,
      "stiffness": 0.0,
      "total": 38.671916530978294
    },
    {
      "energy": 0.2373282801239721,
      "energy_theta": 0.23342185443447483,
      "Fx": 0.014741901819023394,
      "Fy": 5.507571651089576,
      "M_left": 13.387599775868077,
      "M_right": 13.363997167156588,
      "scalar": 26.78108073819068,
      "stiffness": 0.0,
      "total": 38.64749502366589
    },
    {
      "energy": 0.24118685457975633,
      "energy_theta": 0.2375297998228381,
      "Fx": 0.014265525890814682,
      "Fy": 5.287519608774493,