{
  "train": [
    127.98555334152714,
    5.687527825755458,
    2.760221588996149,
    2.676506184762524,
    2.0916294705483223,
    1.6324622054253854,
    1.64762512330086,
    1.115253815727849,
    0.8384471401091544,
    0.5724670588970184,
    0.4287640288952858,
    0.36788207148351976,
    0.3133725206698141,
    0.4088905934364565,
    0.5180088815189177,
    0.26726008711322663,
    0.2416954422670026,
    0.2884848920568343,
    0.23344344693806865,
    0.1907052892831064,
    0.15933151591208675,
    0.13629207952368644,
    0.11373301979995543,
    0.07934913904436174,
    0.06279804040828059,
    0.06224650529123122,
    0.10982519352147656,
    0.0634386575510425,
    0.055489318024727605,
    0.03889503017548592,
    0.03235530961425074,
    0.02736458614949257,
    0.02354401638430934,
    0.02066475789873831,
    0.01776156655602878,
    0.015525872578784343,
    0.013914820858307423,
    0.012380142786329793,
    0.011345659172342669,
    0.010349961868937939,
    0.009632504094512231,
    0.00902936676697385,
    0.008565980986121201,
    0.008166486517556252,
    0.007911022962822069,
    0.007671349276337893,
    0.00756017304956913,
    0.007482115629940263,
    0.007429914443843787,
    0.007444836079112945
  ],
  "val": [
    13.285414934158325,
    2.2909181118011475,
    4.123195171356201,
    1.752377063035965,
    1.6624052822589874,
    1.0863586962223053,
    0.6256316006183624,
    1.3957487344741821,
    0.9315173178911209,
    0.46749498695135117,
    0.6240825057029724,
    0.2025248110294342,
    0.25564637035131454,
    0.658884808421135,
    0.29643356800079346,
    0.13995691016316414,
    0.16236505284905434,
    0.12368114106357098,
    0.1601024568080902,
    0.1048173513263464,
    0.12339401058852673,
    0.11783407256007195,
    0.08024716936051846,
    0.07101582549512386,
    0.05360798817127943,
    0.054675789549946785,
    0.0459194453433156,
    0.05952155590057373,
    0.05170102417469025,
    0.032536162994802,
    0.03109885472804308,
    0.026464905124157667,
    0.026045704260468483,
    0.014999164501205087,
    0.015085069928318262,
    0.015041366452351213,
    0.011981570860370994,
    0.010701887309551239,
    0.009582090424373746,
    0.009604190476238728,
    0.008649035589769483,
    0.008067243732511997,
    0.007608427200466394,
    0.007312205387279391,
    0.007066715625114739,
    0.006877019535750151,
    0.00679581135045737,
    0.006736307987011969,
    0.0067178490571677685,
    0.006713673705235124
  ],
  "breakdown": [
    {
      "scalar": 0.46996112912893295,
      "BC_moment": 3.580859065055847,
      "equilibrium": 7.833248019218445,
      "consistency": 1.4013468325138092,
      "total": 13.285414934158325
    },
    {
      "scalar": 0.07895507849752903,
      "BC_moment": 0.5480183511972427,
      "equilibrium": 1.4140748083591461,
      "consistency": 0.24986986443400383,
      "total": 2.2909181118011475
    },
    {
      "scalar": 0.1332118734717369,
      "BC_moment": 0.24184788390994072,
      "equilibrium": 3.589549422264099,
      "consistency": 0.1585860215127468,
      "total": 4.123195171356201
    },
    {
      "scalar": 0.05376625619828701,
      "BC_moment": 0.17498918995261192,
      "equilibrium": 1.4252701103687286,
      "consistency": 0.09835154376924038,
      "total": 1.752377063035965
    },
    {
      "scalar": 0.052807457745075226,
      "BC_moment": 0.14060653001070023,
      "equilibrium": 1.387107253074646,
      "consistency": 0.08188406191766262,
      "total": 1.6624052822589874
    },
    {
      "scalar": 0.04140044189989567,
      "BC_moment": 0.2974443957209587,
      "equilibrium": 0.6462078243494034,
      "consistency": 0.10130605474114418,
      "total": 1.0863586962223053
    },
    {
      "scalar": 0.0206635813228786,
      "BC_moment": 0.10435246676206589,
      "equilibrium": 0.4392799958586693,
      "consistency": 0.061335593461990356,
      "total": 0.6256316006183624
    },
    {
      "scalar": 0.04587219934910536,
      "BC_moment": 0.2698979005217552,
      "equilibrium": 0.9377240389585495,
      "consistency": 0.14225457981228828,
      "total": 1.3957487344741821
    },
    {
      "scalar": 0.02981145353987813,
      "BC_moment": 0.1082963477820158,
      "equilibrium": 0.7316929697990417,
      "consistency": 0.06171654164791107,
      "total": 0.9315173178911209
    },
    {
      "scalar": 0.014342974638566375,
      "BC_moment": 0.058257088996469975,
      "equilibrium": 0.36303240060806274,
      "consistency": 0.03186251316219568,
      "total": 0.46749498695135117
    },
    {
      "scalar": 0.01971287652850151,
      "BC_moment": 0.07696529105305672,
      "equilibrium": 0.4860031381249428,
      "consistency": 0.04140118137001991,
      "total": 0.6240825057029724
    },
    {
      "scalar": 0.007037465460598469,
      "BC_moment": 0.03153121657669544,
      "equilibrium": 0.14729274436831474,
      "consistency": 0.016663386020809412,
      "total": 0.2025248110294342
    },
    {
      "scalar": 0.008729153079912066,
      "BC_moment": 0.03553299978375435,
      "equilibrium": 0.1921207495033741,
      "consistency": 0.019263464957475662,
      "total": 0.25564637035131454
    },
    {
      "scalar": 0.02105209929868579,
      "BC_moment": 0.06484241969883442,
      "equilibrium": 0.5303777158260345,
      "consistency": 0.04261257313191891,
      "total": 0.658884808421135
    },
    {
      "scalar": 0.011832991149276495,
      "BC_moment": 0.07287050969898701,
      "equilibrium": 0.1807367168366909,
      "consistency": 0.030993365217000246,
      "total": 0.29643356800079346
    },
    {
      "scalar": 0.004969569621607661,
      "BC_moment": 0.04008849989622831,
      "equilibrium": 0.07752776145935059,
      "consistency": 0.01737108314409852,
      "total": 0.13995691016316414
    },
    {
      "scalar": 0.005823545274324715,
      "BC_moment": 0.05092786066234112,
      "equilibrium": 0.08528044261038303,
      "consistency": 0.020333205349743366,
      "total": 0.16236505284905434
    },
    {
      "scalar": 0.004731413442641497,
      "BC_moment": 0.032941567711532116,
      "equilibrium": 0.07335444912314415,
      "consistency": 0.012653711251914501,
      "total": 0.12368114106357098
    },
    {
      "scalar": 0.005795254372060299,
      "BC_moment": 0.036168965511024,
      "equilibrium": 0.10296763107180595,
      "consistency": 0.015170606318861246,
      "total": 0.1601024568080902
    },
    {
      "scalar": 0.003270411863923073,
      "BC_moment": 0.016294805333018303,
      "equilibrium": 0.0770752876996994,
      "consistency": 0.008176847826689482,
      "total": 0.1048173513263464
    },
    {
      "scalar": 0.004001121153123677,
      "BC_moment": 0.02224299032241106,
      "equilibrium": 0.08604036457836628,
      "consistency": 0.01110953651368618,
      "total": 0.12339401058852673
    },
    {
      "scalar": 0.004259543609805405,
      "BC_moment": 0.02511406224220991,
      "equilibrium": 0.07799725793302059,
      "consistency": 0.010463208425790071,
      "total": 0.11783407256007195
    },
    {
      "scalar": 0.002959383826237172,
      "BC_moment": 0.016081667970865965,
      "equilibrium": 0.05454862583428621,
      "consistency": 0.006657490041106939,
      "total": 0.08024716936051846
    },
    {
      "scalar": 0.002702774538192898,
      "BC_moment": 0.01217255019582808,
      "equilibrium": 0.050809746608138084,
      "consistency": 0.005330753047019243,
      "total": 0.07101582549512386
    },
    {
      "scalar": 0.0020567835308611393,
      "BC_moment": 0.010327127296477556,
      "equilibrium": 0.03675734158605337,
      "consistency": 0.004466736339963973,
      "total": 0.05360798817127943
    },
    {
      "scalar": 0.0017543530848342925,
      "BC_moment": 0.008486922830343246,
      "equilibrium": 0.039878667332232,
      "consistency": 0.004555846564471722,